Deployment.Location.ID,start_date,end_date,park,year,effort,log_effort,trail,dist_to_trail,prox_to_trail_decay,elevation,elevation_scaled,mean_ndvi,mean_ndvi_scaled,canopy_cover,canopy_cover_scaled,recreation_park_month,rec_month_100,rec_month_100_scaled,recreation_park_year,rec_year_100,rec_year_100_scaled,recreation_site_month,rec_site_100,rec_site_100_scaled,lepus_detections,ursus_detections,odocoileus_detections,martes_detections,canis_detections,lynx_detections,marmota_detections,rare_detections
GARI01,2020-07-29,2020-08-25,Garibaldi,2020,21,3.091042453,Off trail,145.6418021,0.747303709,1550,0.532115278,0.805566667,0.716163715,11.08,-1.717461241,24807,5906.428571,1.43564652,59643,3911.016393,1.037513983,2,9.5238095,-0.502688033,0,0,2,0,0,0,0,0
GARI02,2020-07-29,2020-08-25,Garibaldi,2020,21,3.091042453,On trail,0,1,1615,0.73718293,0.843533333,0.86305039,87.46,0.679335489,24807,5906.428571,1.43564652,59643,3911.016393,1.037513983,1163,5538.095238,0.691017208,7,0,0,0,0,0,0,0
GARI05,2020-07-29,2020-08-25,Garibaldi,2020,21,3.091042453,On trail,0,1,1520,0.437468669,0.835866667,0.833389343,31.18,-1.086725259,24807,5906.428571,1.43564652,59643,3911.016393,1.037513983,1570,7476.190476,1.109482354,0,0,1,0,0,1,0,0
GARI07,2020-07-29,2020-08-25,Garibaldi,2020,21,3.091042453,On trail,0,1,1681,0.945405469,0.827466667,0.800891149,38.37,-0.861103781,24807,5906.428571,1.43564652,59643,3911.016393,1.037513983,2203,10490.47619,1.760313894,0,0,11,0,0,0,0,0
GARI09,2020-07-29,2020-08-25,Garibaldi,2020,21,3.091042453,Off trail,450.0068852,0.406564061,1478,0.304963417,0.796266667,0.680183572,84.6,0.589588976,24807,5906.428571,1.43564652,59643,3911.016393,1.037513983,12,57.1428571,-0.492406334,5,0,0,0,0,0,0,0
GARI10,2020-07-29,2020-08-25,Garibaldi,2020,21,3.091042453,On trail,0,1,1459,0.245020565,0.912666667,1.130515685,68.21,0.075272422,24807,5906.428571,1.43564652,59643,3911.016393,1.037513983,2267,10795.2381,1.826116768,1,0,0,0,0,0,0,0
GARI11,2020-07-29,2020-08-25,Garibaldi,2020,21,3.091042453,On trail,0,1,1350,-0.098862113,0.905666667,1.103433857,91.49,0.805796485,24807,5906.428571,1.43564652,59643,3911.016393,1.037513983,3353,15966.66667,2.942709267,3,0,0,0,0,1,0,0
GARI12,2020-07-29,2020-08-25,Garibaldi,2020,21,3.091042453,On trail,0,1,1070,-0.98223046,0.9158,1.142638026,93.54,0.870125279,24807,5906.428571,1.43564652,59643,3911.016393,1.037513983,3415,16261.90476,3.006455799,0,1,0,0,0,0,0,0
GARI16,2020-07-29,2020-08-25,Garibaldi,2020,21,3.091042453,On trail,0,1,709,-2.121144649,0.892633333,1.05301007,89.99,0.758726635,24807,5906.428571,1.43564652,59643,3911.016393,1.037513983,3665,17452.38095,3.263498272,0,0,1,0,0,0,0,0
GARI17,2020-07-29,2020-08-25,Garibaldi,2020,21,3.091042453,On trail,0,1,796,-1.846669485,0.8965,1.067969557,73.94,0.255079247,24807,5906.428571,1.43564652,59643,3911.016393,1.037513983,3605,17166.66667,3.20180808,0,1,0,0,0,0,0,0
GARI18,2020-07-29,2020-08-25,Garibaldi,2020,21,3.091042453,On trail,0,1,890,-1.550110111,0.884566667,1.021801489,87.28,0.673687107,24807,5906.428571,1.43564652,59643,3911.016393,1.037513983,3550,16904.7619,3.145258734,0,0,0,0,0,0,0,0
GARI21,2020-07-29,2020-08-25,Garibaldi,2020,21,3.091042453,Off trail,325.3640359,0.521665828,1489,0.339667174,0.877466667,0.994332778,73.14,0.229975327,24807,5906.428571,1.43564652,59643,3911.016393,1.037513983,2,9.5238095,-0.502688033,0,0,0,0,0,0,0,0
JOFF02,2020-07-29,2020-08-25,Joffre Lakes,2020,22,3.135494216,On trail,0,1,2013,1.992827937,0.220633333,-1.546845425,0,-2.065150528,647,168.4895833,-1.115270102,1642,113.3977901,-1.756896072,2,9.0909091,-0.502781503,0,0,0,0,0,0,0,0
JOFF03,2020-07-29,2020-08-25,Joffre Lakes,2020,23,3.17805383,On trail,0,1,1229,-0.480603434,0.723766667,0.39969321,88.25,0.70412561,647,168.4895833,-1.115270102,1642,113.3977901,-1.756896072,332,1443.478261,-0.193074787,6,0,0,1,0,0,0,0
JOFF04,2020-07-29,2020-08-25,Joffre Lakes,2020,23,3.17805383,On trail,0,1,1603,0.699324286,0.6301,0.037312557,77.57,0.368988282,647,168.4895833,-1.115270102,1642,113.3977901,-1.756896072,3,13.0434783,-0.501928082,0,0,0,0,0,0,2,0
JOFF05,2020-07-29,2020-08-25,Joffre Lakes,2020,23,3.17805383,Off trail,231.8578592,0.628942326,1597,0.680394964,0.824966667,0.791219068,87.28,0.673687107,647,168.4895833,-1.115270102,1642,113.3977901,-1.756896072,1,4.3478261,-0.503805609,0,1,0,5,0,0,0,0
JOFF06,2020-07-29,2020-08-25,Joffre Lakes,2020,23,3.17805383,On trail,0,1,1567,0.585748356,0.7098,0.345658514,17.9,-1.503450326,647,168.4895833,-1.115270102,1642,113.3977901,-1.756896072,81,352.173913,-0.428704504,0,0,0,3,0,0,0,0
JOFF08,2020-07-29,2020-08-25,Joffre Lakes,2020,23,3.17805383,Off trail,314.3639562,0.533269736,1489,0.339667174,0.793433333,0.669221878,97.37,0.990310294,647,168.4895833,-1.115270102,1642,113.3977901,-1.756896072,1,4.3478261,-0.503805609,0,0,0,0,0,0,0,0
JOFF09,2020-07-29,2020-08-25,Joffre Lakes,2020,23,3.17805383,On trail,0,1,1408,0.08412133,0.7878,0.647427455,73.14,0.229975327,647,168.4895833,-1.115270102,1642,113.3977901,-1.756896072,113,491.3043478,-0.398664062,0,0,0,3,0,0,0,0
JOFF10,2020-07-29,2020-08-25,Joffre Lakes,2020,23,3.17805383,Off trail,303.7751904,0.544683503,1518,0.431158895,0.781066667,0.621377317,38.37,-0.861103781,647,168.4895833,-1.115270102,1642,113.3977901,-1.756896072,1,4.3478261,-0.503805609,0,0,0,1,0,0,0,0
JOFF13,2020-07-29,2020-08-25,Joffre Lakes,2020,23,3.17805383,Off trail,649.5559073,0.272773959,1775,1.241964842,0.335933333,-1.100769028,0,-2.065150528,647,168.4895833,-1.115270102,1642,113.3977901,-1.756896072,2,8.6956522,-0.502866845,0,0,0,1,0,0,3,0
JOFF15,2020-07-29,2020-08-25,Joffre Lakes,2020,22,3.135494216,On trail,0,1,1318,-0.199818495,0.853466667,0.901480796,97.75,1.002234656,647,168.4895833,-1.115270102,1642,113.3977901,-1.756896072,108,490.9090909,-0.398749404,0,0,0,1,0,0,0,0
JOFF16,2020-07-29,2020-08-25,Joffre Lakes,2020,22,3.135494216,Off trail,408.1976608,0.442022134,1231,-0.47429366,0.852,0.895806507,79.67,0.434886072,647,168.4895833,-1.115270102,1642,113.3977901,-1.756896072,2,9.0909091,-0.502781503,0,1,1,0,0,0,0,0
JOFF19,2020-07-29,2020-08-25,Joffre Lakes,2020,22,3.135494216,Off trail,461.1717115,0.397586236,1364,-0.054693695,0.872366667,0.974601732,91.49,0.805796485,647,168.4895833,-1.115270102,1642,113.3977901,-1.756896072,1,4.5454545,-0.503762938,0,3,6,0,0,0,0,0
GARI02,2020-08-26,2020-09-22,Garibaldi,2020,28,3.36729583,On trail,0,1,1615,0.73718293,0.8084,0.727125406,87.46,0.679335489,16215,3563.736264,0.394155358,59643,3911.016393,1.037513983,1564,5585.714286,0.701298907,22,1,1,1,0,0,0,0
GARI05,2020-08-26,2020-09-22,Garibaldi,2020,28,3.36729583,On trail,0,1,1520,0.437468669,0.83745,0.839514993,31.18,-1.086725259,16215,3563.736264,0.394155358,59643,3911.016393,1.037513983,2059,7353.571429,1.083006979,0,4,0,0,0,0,0,0
GARI07,2020-08-26,2020-09-22,Garibaldi,2020,28,3.36729583,On trail,0,1,1681,0.945405469,0.8253,0.792508677,38.37,-0.861103781,16215,3563.736264,0.394155358,59643,3911.016393,1.037513983,2886,10307.14286,1.720729354,0,0,4,0,0,0,0,0
GARI09,2020-08-26,2020-09-22,Garibaldi,2020,28,3.36729583,Off trail,450.0068852,0.406564061,1478,0.304963417,0.80105,0.698689487,84.6,0.589588976,16215,3563.736264,0.394155358,59643,3911.016393,1.037513983,13,46.4285714,-0.494719717,6,0,0,0,0,0,0,0
GARI10,2020-08-26,2020-09-22,Garibaldi,2020,28,3.36729583,On trail,0,1,1459,0.245020565,0.9312,1.202218047,68.21,0.075272422,16215,3563.736264,0.394155358,59643,3911.016393,1.037513983,3064,10942.85714,1.857990033,8,0,0,0,0,0,0,0
GARI11,2020-08-26,2020-09-22,Garibaldi,2020,10,2.397895273,On trail,0,1,1350,-0.098862113,0.8979,1.073385922,91.49,0.805796485,16215,3563.736264,0.394155358,59643,3911.016393,1.037513983,1898,18980,3.593335173,0,0,0,0,0,0,0,0
GARI16,2020-08-26,2020-09-22,Garibaldi,2020,9,2.302585093,On trail,0,1,709,-2.121144649,0.8838,1.018835383,89.99,0.758726635,16215,3563.736264,0.394155358,59643,3911.016393,1.037513983,1690,18777.77778,3.549672225,0,0,0,0,0,0,0,0
GARI17,2020-08-26,2020-09-22,Garibaldi,2020,7,2.079441542,On trail,0,1,796,-1.846669485,0.8944,1.059845008,73.94,0.255079247,16215,3563.736264,0.394155358,59643,3911.016393,1.037513983,1343,19185.71429,3.637752113,0,0,0,0,0,0,0,0
GARI18,2020-08-26,2020-09-22,Garibaldi,2020,7,2.079441542,On trail,0,1,890,-1.550110111,0.89945,1.079382613,87.28,0.673687107,16215,3563.736264,0.394155358,59643,3911.016393,1.037513983,1291,18442.85714,3.477357609,0,0,0,0,0,0,0,0
JOFF03,2020-08-26,2020-09-22,Joffre Lakes,2020,28,3.36729583,On trail,0,1,1229,-0.480603434,0.76075,0.542775534,88.25,0.70412561,555,116.5966387,-1.138340158,1642,113.3977901,-1.756896072,288,1028.571429,-0.282659677,10,1,1,0,0,0,0,0
JOFF06,2020-08-26,2020-09-22,Joffre Lakes,2020,28,3.36729583,On trail,0,1,1567,0.585748356,0.73,0.423808932,17.9,-1.503450326,555,116.5966387,-1.138340158,1642,113.3977901,-1.756896072,24,85.7142857,-0.486237315,0,0,0,0,0,0,0,0
JOFF09,2020-08-26,2020-09-22,Joffre Lakes,2020,28,3.36729583,On trail,0,1,1408,0.08412133,0.7315,0.429612181,73.14,0.229975327,555,116.5966387,-1.138340158,1642,113.3977901,-1.756896072,119,425,-0.41298021,0,1,0,1,0,0,0,0
JOFF15,2020-08-26,2020-09-22,Joffre Lakes,2020,28,3.36729583,On trail,0,1,1318,-0.199818495,0.8272,0.799859459,97.75,1.002234656,555,116.5966387,-1.138340158,1642,113.3977901,-1.756896072,124,442.8571429,-0.409124573,0,1,0,1,0,0,0,0
GARI01,2020-09-23,2020-10-20,Garibaldi,2020,28,3.36729583,Off trail,145.6418021,0.747303709,1550,0.532115278,0.45705,-0.632188921,11.08,-1.717461241,15608,2944.90566,0.119041719,59643,3911.016393,1.037513983,3,10.7142857,-0.502430991,0,2,2,0,0,0,0,0
GARI02,2020-09-23,2020-10-20,Garibaldi,2020,28,3.36729583,On trail,0,1,1615,0.73718293,0.60855,-0.046060785,87.46,0.679335489,15608,2944.90566,0.119041719,59643,3911.016393,1.037513983,743,2653.571429,0.068203298,1,7,0,0,0,0,0,0
GARI03,2020-09-23,2020-10-20,Garibaldi,2020,28,3.091042453,Off trail,244.8130842,0.612855456,1664,0.89177239,0.5087,-0.432363718,14.05,-1.624262939,15608,2944.90566,0.119041719,59643,3911.016393,1.037513983,1,3.5714286,-0.503973246,0,6,5,0,0,0,0,0
GARI04,2020-09-23,2020-10-20,Garibaldi,2020,28,3.091042453,Off trail,267.1805777,0.586043561,1536,0.48794686,0.8081,0.725964757,83.77,0.56354366,15608,2944.90566,0.119041719,59643,3911.016393,1.037513983,1,3.5714286,-0.503973246,2,5,3,0,0,0,0,0
GARI05,2020-09-23,2020-10-20,Garibaldi,2020,28,3.36729583,On trail,0,1,1520,0.437468669,0.51255,-0.417468713,31.18,-1.086725259,15608,2944.90566,0.119041719,59643,3911.016393,1.037513983,1007,3596.428571,0.271780936,1,7,1,3,0,0,0,0
GARI06,2020-09-23,2020-10-20,Garibaldi,2020,28,3.091042453,Off trail,421.3716096,0.43052787,1658,0.872843069,0.5433,-0.298502111,81.62,0.496076876,15608,2944.90566,0.119041719,59643,3911.016393,1.037513983,1,3.5714286,-0.503973246,0,0,6,0,0,0,0,0
GARI07,2020-09-23,2020-10-20,Garibaldi,2020,28,3.36729583,On trail,0,1,1681,0.945405469,0.44,-0.698152516,38.37,-0.861103781,15608,2944.90566,0.119041719,59643,3911.016393,1.037513983,1434,5121.428571,0.601052343,0,0,1,0,0,0,0,0
GARI08,2020-09-23,2020-10-20,Garibaldi,2020,28,3.091042453,Off trail,310.5880771,0.537312104,1786,1.276668599,0.36025,-1.006691915,0,-2.065150528,15608,2944.90566,0.119041719,59643,3911.016393,1.037513983,2,7.1428571,-0.503202118,0,5,0,1,2,1,0,0
GARI09,2020-09-23,2020-10-20,Garibaldi,2020,28,3.36729583,Off trail,450.0068852,0.406564061,1478,0.304963417,0.5305,-0.348023168,84.6,0.589588976,15608,2944.90566,0.119041719,59643,3911.016393,1.037513983,16,57.1428571,-0.492406334,13,2,0,0,0,0,0,0
GARI10,2020-09-23,2020-10-20,Garibaldi,2020,17,2.890371758,On trail,0,1,1459,0.245020565,0.7317,0.430385947,68.21,0.075272422,15608,2944.90566,0.119041719,59643,3911.016393,1.037513983,793,4664.705882,0.502438755,1,0,0,1,0,0,0,0
GARI11,2020-09-23,2020-10-20,Garibaldi,2020,25,3.258096538,On trail,0,1,1350,-0.098862113,0.80045,0.696368187,91.49,0.805796485,15608,2944.90566,0.119041719,59643,3911.016393,1.037513983,2535,10140,1.68464059,0,2,0,0,0,0,0,0
GARI12,2020-09-23,2020-10-20,Garibaldi,2020,25,3.258096538,On trail,0,1,1070,-0.98223046,0.8246,0.789800494,93.54,0.870125279,15608,2944.90566,0.119041719,59643,3911.016393,1.037513983,2662,10648,1.794325754,0,1,0,0,0,0,0,0
GARI13,2020-09-23,2020-10-20,Garibaldi,2020,28,3.091042453,Off trail,306.934926,0.541252245,1342,-0.124101208,0.8178,0.763492433,68.21,0.075272422,15608,2944.90566,0.119041719,59643,3911.016393,1.037513983,3,10.7142857,-0.502430991,0,2,0,0,0,0,0,0
GARI14,2020-09-23,2020-10-20,Garibaldi,2020,28,3.091042453,Off trail,197.5455352,0.67361869,909,-1.490167259,0.48125,-0.538563172,90.53,0.775671781,15608,2944.90566,0.119041719,59643,3911.016393,1.037513983,2,7.1428571,-0.503202118,0,1,0,0,0,0,0,0
GARI16,2020-09-23,2020-10-20,Garibaldi,2020,7,2.079441542,On trail,0,1,709,-2.121144649,0.8701,0.965832377,89.99,0.758726635,15608,2944.90566,0.119041719,59643,3911.016393,1.037513983,1245,17785.71429,3.335470165,0,0,0,0,0,0,0,0
GARI17,2020-09-23,2020-10-20,Garibaldi,2020,23,3.17805383,On trail,0,1,796,-1.846669485,0.86645,0.951711138,73.94,0.255079247,15608,2944.90566,0.119041719,59643,3911.016393,1.037513983,2509,10908.69565,1.850614031,0,0,0,1,0,1,0,0
GARI18,2020-09-23,2020-10-20,Garibaldi,2020,25,3.258096538,On trail,0,1,890,-1.550110111,0.91055,1.122326655,87.28,0.673687107,15608,2944.90566,0.119041719,59643,3911.016393,1.037513983,2647,10588,1.781370813,0,0,0,0,0,1,0,0
GARI19,2020-09-23,2020-10-20,Garibaldi,2020,28,3.091042453,Off trail,348.8533486,0.497725431,954,-1.348197346,0.88995,1.042628703,73.94,0.255079247,15608,2944.90566,0.119041719,59643,3911.016393,1.037513983,1,3.5714286,-0.503973246,0,0,1,0,0,0,0,0
GARI20,2020-09-23,2020-10-20,Garibaldi,2020,28,3.091042453,Off trail,340.8224935,0.505784299,919,-1.458618389,0.8894,1.040500846,89.99,0.758726635,15608,2944.90566,0.119041719,59643,3911.016393,1.037513983,2,7.1428571,-0.503202118,0,0,0,0,0,0,0,0
GARI22,2020-09-23,2020-10-20,Garibaldi,2020,16,2.833213344,Off trail,616.9545369,0.291152215,507,-2.758431814,0.85445,0.905285147,70.18,0.137090825,15608,2944.90566,0.119041719,59643,3911.016393,1.037513983,1,6.25,-0.5033949,0,0,0,0,0,0,0,0
JOFF03,2020-09-23,2020-10-20,Joffre Lakes,2020,28,3.36729583,On trail,0,1,1229,-0.480603434,0.52095,-0.384970519,88.25,0.70412561,356,74.1666667,-1.157203259,1642,113.3977901,-1.756896072,208,742.8571429,-0.34434987,7,0,0,0,0,0,0,0
JOFF04,2020-09-23,2020-10-20,Joffre Lakes,2020,28,3.36729583,On trail,0,1,1603,0.699324286,0.35265,-1.036095042,77.57,0.368988282,356,74.1666667,-1.157203259,1642,113.3977901,-1.756896072,2,7.1428571,-0.503202118,0,0,1,0,0,0,0,0
JOFF06,2020-09-23,2020-10-20,Joffre Lakes,2020,28,3.36729583,On trail,0,1,1567,0.585748356,0.54845,-0.278577623,17.9,-1.503450326,356,74.1666667,-1.157203259,1642,113.3977901,-1.756896072,11,39.2857143,-0.496261971,0,0,0,0,0,0,0,0
JOFF07,2020-09-23,2020-10-20,Joffre Lakes,2020,28,3.135494216,Off trail,687.1191201,0.253032272,1276,-0.332323747,0.5704,-0.193656748,91.49,0.805796485,356,74.1666667,-1.157203259,1642,113.3977901,-1.756896072,2,7.1428571,-0.503202118,0,0,0,0,0,0,0,0
JOFF09,2020-09-23,2020-10-20,Joffre Lakes,2020,28,3.36729583,On trail,0,1,1408,0.08412133,0.5671,-0.206423895,73.14,0.229975327,356,74.1666667,-1.157203259,1642,113.3977901,-1.756896072,56,200,-0.461561238,0,1,0,0,0,0,0,0
JOFF11,2020-09-23,2020-10-20,Joffre Lakes,2020,28,3.135494216,Off trail,238.4830535,0.620663565,1253,-0.404886147,0.5609,-0.230410657,85.9,0.630382846,356,74.1666667,-1.157203259,1642,113.3977901,-1.756896072,1,3.5714286,-0.503973246,0,0,9,1,1,0,0,0
JOFF12,2020-09-23,2020-10-20,Joffre Lakes,2020,28,3.17805383,Off trail,260.5910944,0.593818128,1655,0.863378408,0.494,-0.489235557,84.93,0.599944343,356,74.1666667,-1.157203259,1642,113.3977901,-1.756896072,3,10.7142857,-0.502430991,2,0,0,0,0,0,0,0
JOFF14,2020-09-23,2020-10-20,Joffre Lakes,2020,28,3.17805383,On trail,0,1,1789,1.286133259,0.3126,-1.191041787,0,-2.065150528,356,74.1666667,-1.157203259,1642,113.3977901,-1.756896072,1,3.5714286,-0.503973246,0,0,0,0,0,0,0,1
JOFF15,2020-09-23,2020-10-20,Joffre Lakes,2020,28,3.36729583,On trail,0,1,1318,-0.199818495,0.4666,-0.59524157,97.75,1.002234656,356,74.1666667,-1.157203259,1642,113.3977901,-1.756896072,65,232.1428571,-0.454621091,0,0,2,0,0,0,0,0
JOFF17,2020-09-23,2020-10-20,Joffre Lakes,2020,4,1.609437912,On trail,0,1,1220,-0.508997417,0.5401,-0.310882375,91.49,0.805796485,356,74.1666667,-1.157203259,1642,113.3977901,-1.756896072,5,125,-0.477754913,0,0,1,0,0,0,0,0
JOFF18,2020-09-23,2020-10-20,Joffre Lakes,2020,28,3.135494216,Off trail,339.2540192,0.50737341,1292,-0.281845556,0.6101,-0.040064094,68.21,0.075272422,356,74.1666667,-1.157203259,1642,113.3977901,-1.756896072,2,7.1428571,-0.503202118,2,1,1,0,0,0,0,0
GARI12,2021-05-05,2021-06-01,Garibaldi,2021,16,2.833213344,On trail,0,1,1070,-0.98223046,0.78175,0.624021018,93.54,0.870125279,2514,476.1363636,-0.978499515,115472,3208.446791,0.520540646,621,3881.25,0.333278348,0,1,0,0,0,0,0,0
GARI14,2021-05-05,2021-06-01,Garibaldi,2021,16,2.833213344,Off trail,197.5455352,0.67361869,909,-1.490167259,0.47765,-0.55249097,90.53,0.775671781,2514,476.1363636,-0.978499515,115472,3208.446791,0.520540646,3,18.75,-0.500695954,0,1,0,0,0,0,0,0
GARI16,2021-05-05,2021-06-01,Garibaldi,2021,16,2.833213344,On trail,0,1,709,-2.121144649,0.8604,0.928304701,89.99,0.758726635,2514,476.1363636,-0.978499515,115472,3208.446791,0.520540646,640,4000,0.358918334,0,0,1,0,0,0,0,0
GARI17,2021-05-05,2021-06-01,Garibaldi,2021,16,2.833213344,On trail,0,1,796,-1.846669485,0.8523,0.896967157,73.94,0.255079247,2514,476.1363636,-0.978499515,115472,3208.446791,0.520540646,624,3900,0.337326766,0,0,0,0,0,0,0,0
GARI18,2021-05-05,2021-06-01,Garibaldi,2021,16,2.833213344,On trail,0,1,890,-1.550110111,0.78565,0.639109465,87.28,0.673687107,2514,476.1363636,-0.978499515,115472,3208.446791,0.520540646,626,3912.5,0.340025712,0,0,0,0,0,0,0,0
JOFF03,2021-05-05,2021-06-01,Joffre Lakes,2021,28,3.36729583,On trail,0,1,1229,-0.480603434,0.6693,0.188970794,88.25,0.70412561,181,35.9126984,-1.174209833,61704,1970.114943,-0.390663803,49,175,-0.46695913,0,0,0,1,0,0,0,0
JOFF06,2021-05-05,2021-06-01,Joffre Lakes,2021,28,3.36729583,On trail,0,1,1567,0.585748356,0.2518,-1.426266808,17.9,-1.503450326,181,35.9126984,-1.174209833,61704,1970.114943,-0.390663803,8,28.5714286,-0.498575354,0,0,0,1,0,0,0,0
JOFF09,2021-05-05,2021-06-01,Joffre Lakes,2021,28,3.36729583,On trail,0,1,1408,0.08412133,0.37995,-0.930475913,73.14,0.229975327,181,35.9126984,-1.174209833,61704,1970.114943,-0.390663803,41,146.4285714,-0.473128149,0,0,0,0,0,0,0,0
JOFF15,2021-05-05,2021-06-01,Joffre Lakes,2021,28,3.36729583,On trail,0,1,1318,-0.199818495,0.60415,-0.063083648,97.75,1.002234656,181,35.9126984,-1.174209833,61704,1970.114943,-0.390663803,43,153.5714286,-0.471585894,0,0,0,0,0,0,0,0
JOFF17,2021-05-05,2021-06-01,Joffre Lakes,2021,28,3.36729583,On trail,0,1,1220,-0.508997417,0.58585,-0.133883284,91.49,0.805796485,181,35.9126984,-1.174209833,61704,1970.114943,-0.390663803,40,142.8571429,-0.473899276,0,0,0,1,0,0,0,0
GARI03,2021-06-02,2021-06-29,Garibaldi,2021,28,3.36729583,Off trail,244.8130842,0.612855456,1664,0.89177239,0.46135,-0.615552941,14.05,-1.624262939,11702,1990.136054,-0.305420386,115472,3208.446791,0.520540646,1,3.5714286,-0.503973246,0,0,0,0,0,0,0,0
GARI05,2021-06-02,2021-06-29,Garibaldi,2021,28,3.36729583,On trail,0,1,1520,0.437468669,0.56275,-0.223253317,31.18,-1.086725259,11702,1990.136054,-0.305420386,115472,3208.446791,0.520540646,336,1200,-0.245645561,7,0,0,0,0,0,0,0
GARI07,2021-06-02,2021-06-29,Garibaldi,2021,28,3.36729583,On trail,0,1,1681,0.945405469,0.377,-0.941888969,38.37,-0.861103781,11702,1990.136054,-0.305420386,115472,3208.446791,0.520540646,162,578.5714286,-0.379821731,0,0,1,0,0,0,0,0
GARI10,2021-06-02,2021-06-29,Garibaldi,2021,28,3.36729583,On trail,0,1,1459,0.245020565,0.66665,0.178718388,68.21,0.075272422,11702,1990.136054,-0.305420386,115472,3208.446791,0.520540646,1148,4100,0.380509902,0,0,0,0,0,0,1,0
GARI11,2021-06-02,2021-06-29,Garibaldi,2021,28,3.36729583,On trail,0,1,1350,-0.098862113,0.9095,1.11826438,91.49,0.805796485,11702,1990.136054,-0.305420386,115472,3208.446791,0.520540646,1883,6725,0.947288553,0,0,5,0,0,0,0,0
GARI12,2021-06-02,2021-06-29,Garibaldi,2021,28,3.36729583,On trail,0,1,1070,-0.98223046,0.9033,1.094277618,93.54,0.870125279,11702,1990.136054,-0.305420386,115472,3208.446791,0.520540646,1964,7014.285714,1.009749874,0,1,3,0,0,0,0,0
GARI13,2021-06-02,2021-06-29,Garibaldi,2021,28,3.36729583,Off trail,306.934926,0.541252245,1342,-0.124101208,0.82995,0.810498749,68.21,0.075272422,11702,1990.136054,-0.305420386,115472,3208.446791,0.520540646,2,7.1428571,-0.503202118,1,1,0,0,0,0,0,0
GARI16,2021-06-02,2021-06-29,Garibaldi,2021,28,3.36729583,On trail,0,1,709,-2.121144649,0.8815,1.009937068,89.99,0.758726635,11702,1990.136054,-0.305420386,115472,3208.446791,0.520540646,2074,7407.142857,1.09457389,0,0,1,0,0,0,0,0
GARI17,2021-06-02,2021-06-29,Garibaldi,2021,28,3.36729583,On trail,0,1,796,-1.846669485,0.8865,1.029281231,73.94,0.255079247,11702,1990.136054,-0.305420386,115472,3208.446791,0.520540646,2076,7414.285714,1.096116145,0,0,1,0,0,0,0,0
GARI18,2021-06-02,2021-06-29,Garibaldi,2021,28,3.36729583,On trail,0,1,890,-1.550110111,0.8831,1.0161272,87.28,0.673687107,11702,1990.136054,-0.305420386,115472,3208.446791,0.520540646,2050,7321.428571,1.076066832,0,0,1,0,0,0,0,0
GARI19,2021-06-02,2021-06-29,Garibaldi,2021,28,3.36729583,Off trail,348.8533486,0.497725431,954,-1.348197346,0.8908,1.045917211,73.94,0.255079247,11702,1990.136054,-0.305420386,115472,3208.446791,0.520540646,4,14.2857143,-0.501659863,0,0,3,0,0,0,0,0
GARI20,2021-06-02,2021-06-29,Garibaldi,2021,28,3.36729583,Off trail,340.8224935,0.505784299,919,-1.458618389,0.88,1.004133819,89.99,0.758726635,11702,1990.136054,-0.305420386,115472,3208.446791,0.520540646,2,7.1428571,-0.503202118,1,0,2,0,0,0,0,0
JOFF03,2021-06-02,2021-06-29,Joffre Lakes,2021,28,3.36729583,On trail,0,1,1229,-0.480603434,0.7412,0.467139857,88.25,0.70412561,4605,913.6904762,-0.783976,61704,1970.114943,-0.390663803,1317,4703.571429,0.510830435,25,0,0,1,2,0,0,0
JOFF04,2021-06-02,2021-06-29,Joffre Lakes,2021,28,3.36729583,On trail,0,1,1603,0.699324286,0.46055,-0.618648007,77.57,0.368988282,4605,913.6904762,-0.783976,61704,1970.114943,-0.390663803,3,10.7142857,-0.502430991,0,0,0,0,0,0,1,0
JOFF06,2021-06-02,2021-06-29,Joffre Lakes,2021,28,3.36729583,On trail,0,1,1567,0.585748356,0.6893,0.266347446,17.9,-1.503450326,4605,913.6904762,-0.783976,61704,1970.114943,-0.390663803,220,785.7142857,-0.335096341,2,0,1,0,0,0,0,0
JOFF09,2021-06-02,2021-06-29,Joffre Lakes,2021,28,3.36729583,On trail,0,1,1408,0.08412133,0.8078,0.724804107,73.14,0.229975327,4605,913.6904762,-0.783976,61704,1970.114943,-0.390663803,779,2782.142857,0.095963885,0,0,0,1,1,0,0,0
JOFF15,2021-06-02,2021-06-29,Joffre Lakes,2021,28,3.36729583,On trail,0,1,1318,-0.199818495,0.88855,1.037212338,97.75,1.002234656,4605,913.6904762,-0.783976,61704,1970.114943,-0.390663803,996,3557.142857,0.263298534,0,0,0,0,1,0,0,0
JOFF17,2021-06-02,2021-06-29,Joffre Lakes,2021,28,3.36729583,On trail,0,1,1220,-0.508997417,0.8151,0.753046585,91.49,0.805796485,4605,913.6904762,-0.783976,61704,1970.114943,-0.390663803,1290,4607.142857,0.490009995,0,0,0,0,1,0,0,0
GARI01,2021-06-30,2021-07-27,Garibaldi,2021,28,3.36729583,Off trail,145.6418021,0.747303709,1550,0.532115278,0.765933333,0.562828982,11.08,-1.717461241,29492,5015.646259,1.039631259,115472,3208.446791,0.520540646,3,10.7142857,-0.502430991,0,0,1,0,0,0,0,0
GARI02,2021-06-30,2021-07-27,Garibaldi,2021,28,3.36729583,On trail,0,1,1615,0.73718293,0.685566667,0.251903806,87.46,0.679335489,29492,5015.646259,1.039631259,115472,3208.446791,0.520540646,657,2346.428571,0.00188634,10,0,0,0,0,0,0,0
GARI03,2021-06-30,2021-07-27,Garibaldi,2021,28,3.36729583,Off trail,244.8130842,0.612855456,1664,0.89177239,0.748133333,0.493963762,14.05,-1.624262939,29492,5015.646259,1.039631259,115472,3208.446791,0.520540646,3,10.7142857,-0.502430991,0,1,4,0,0,0,0,0
GARI05,2021-06-30,2021-07-27,Garibaldi,2021,28,3.36729583,On trail,0,1,1520,0.437468669,0.782233333,0.625890953,31.18,-1.086725259,29492,5015.646259,1.039631259,115472,3208.446791,0.520540646,2269,8103.571429,1.244943737,3,0,3,0,0,0,0,0
GARI06,2021-06-30,2021-07-27,Garibaldi,2021,28,3.36729583,Off trail,421.3716096,0.43052787,1658,0.872843069,0.7101,0.346819164,81.62,0.496076876,29492,5015.646259,1.039631259,115472,3208.446791,0.520540646,3,10.7142857,-0.502430991,0,0,4,1,0,0,0,0
GARI07,2021-06-30,2021-07-27,Garibaldi,2021,28,3.36729583,On trail,0,1,1681,0.945405469,0.7741,0.594424449,38.37,-0.861103781,29492,5015.646259,1.039631259,115472,3208.446791,0.520540646,3055,10910.71429,1.851049887,0,0,4,0,0,0,0,0
GARI08,2021-06-30,2021-07-27,Garibaldi,2021,28,3.36729583,Off trail,310.5880771,0.537312104,1786,1.276668599,0.565033333,-0.214419484,0,-2.065150528,29492,5015.646259,1.039631259,115472,3208.446791,0.520540646,5,17.8571429,-0.500888736,0,0,0,0,0,0,0,0
GARI09,2021-06-30,2021-07-27,Garibaldi,2021,28,3.36729583,Off trail,450.0068852,0.406564061,1478,0.304963417,0.789766667,0.655036161,84.6,0.589588976,29492,5015.646259,1.039631259,115472,3208.446791,0.520540646,9,32.1428571,-0.497804226,0,0,0,0,0,0,0,0
GARI10,2021-06-30,2021-07-27,Garibaldi,2021,28,3.36729583,On trail,0,1,1459,0.245020565,0.864133333,0.942748341,68.21,0.075272422,29492,5015.646259,1.039631259,115472,3208.446791,0.520540646,3331,11896.42857,2.063881053,3,1,0,0,0,1,0,0
GARI11,2021-06-30,2021-07-27,Garibaldi,2021,28,3.36729583,On trail,0,1,1350,-0.098862113,0.891833333,1.049915004,91.49,0.805796485,29492,5015.646259,1.039631259,115472,3208.446791,0.520540646,3745,13375,2.383127804,0,0,2,0,0,0,0,0
GARI12,2021-06-30,2021-07-27,Garibaldi,2021,28,3.36729583,On trail,0,1,1070,-0.98223046,0.878833333,0.99962018,93.54,0.870125279,29492,5015.646259,1.039631259,115472,3208.446791,0.520540646,3832,13685.71429,2.45021589,0,1,0,0,0,0,0,0
GARI16,2021-06-30,2021-07-27,Garibaldi,2021,28,3.36729583,On trail,0,1,709,-2.121144649,0.868,0.957707828,89.99,0.758726635,29492,5015.646259,1.039631259,115472,3208.446791,0.520540646,4465,15946.42857,2.938339544,0,0,1,0,0,0,0,0
GARI17,2021-06-30,2021-07-27,Garibaldi,2021,28,3.36729583,On trail,0,1,796,-1.846669485,0.876466667,0.990463945,73.94,0.255079247,29492,5015.646259,1.039631259,115472,3208.446791,0.520540646,4061,14503.57143,2.626804068,1,0,1,0,0,0,0,0
GARI18,2021-06-30,2021-07-27,Garibaldi,2021,28,3.36729583,On trail,0,1,890,-1.550110111,0.841,0.853249349,87.28,0.673687107,29492,5015.646259,1.039631259,115472,3208.446791,0.520540646,4049,14460.71429,2.61755054,0,0,1,0,0,0,0,0
GARI21,2021-06-30,2021-07-27,Garibaldi,2021,28,3.36729583,Off trail,325.3640359,0.521665828,1489,0.339667174,0.826366667,0.796635433,73.14,0.229975327,29492,5015.646259,1.039631259,115472,3208.446791,0.520540646,4,14.2857143,-0.501659863,3,0,0,0,0,0,0,0
GARI22,2021-06-30,2021-07-27,Garibaldi,2021,28,3.36729583,Off trail,616.9545369,0.291152215,507,-2.758431814,0.845833333,0.871948705,70.18,0.137090825,29492,5015.646259,1.039631259,115472,3208.446791,0.520540646,1,3.5714286,-0.503973246,4,0,1,0,0,0,0,0
JOFF02,2021-06-30,2021-07-27,Joffre Lakes,2021,28,3.36729583,On trail,0,1,2013,1.992827937,0.194966667,-1.646145459,0,-2.065150528,17240,3420.634921,0.330536767,61704,1970.114943,-0.390663803,13,46.4285714,-0.494719717,0,0,0,0,0,0,1,0
JOFF03,2021-06-30,2021-07-27,Joffre Lakes,2021,28,3.36729583,On trail,0,1,1229,-0.480603434,0.7537,0.515500264,88.25,0.70412561,17240,3420.634921,0.330536767,61704,1970.114943,-0.390663803,4428,15814.28571,2.909807829,7,0,0,0,0,0,0,0
JOFF04,2021-06-30,2021-07-27,Joffre Lakes,2021,28,3.36729583,On trail,0,1,1603,0.699324286,0.563933333,-0.2186752,77.57,0.368988282,17240,3420.634921,0.330536767,61704,1970.114943,-0.390663803,18,64.2857143,-0.49086408,0,0,0,0,0,0,4,0
JOFF05,2021-06-30,2021-07-27,Joffre Lakes,2021,28,3.36729583,Off trail,231.8578592,0.628942326,1597,0.680394964,0.851133333,0.892453517,87.28,0.673687107,17240,3420.634921,0.330536767,61704,1970.114943,-0.390663803,3,10.7142857,-0.502430991,3,0,4,0,0,0,0,0
JOFF06,2021-06-30,2021-07-27,Joffre Lakes,2021,28,3.36729583,On trail,0,1,1567,0.585748356,0.802333333,0.703654488,17.9,-1.503450326,17240,3420.634921,0.330536767,61704,1970.114943,-0.390663803,1341,4789.285714,0.529337493,0,0,0,0,0,0,0,0
JOFF07,2021-06-30,2021-07-27,Joffre Lakes,2021,28,3.36729583,Off trail,687.1191201,0.253032272,1276,-0.332323747,0.8716,0.971635626,91.49,0.805796485,17240,3420.634921,0.330536767,61704,1970.114943,-0.390663803,3,10.7142857,-0.502430991,2,1,0,0,0,0,0,0
JOFF09,2021-06-30,2021-07-27,Joffre Lakes,2021,28,3.36729583,On trail,0,1,1408,0.08412133,0.8679,0.957320945,73.14,0.229975327,17240,3420.634921,0.330536767,61704,1970.114943,-0.390663803,2427,8667.857143,1.366781868,0,0,0,0,0,0,0,0
JOFF10,2021-06-30,2021-07-27,Joffre Lakes,2021,28,3.36729583,Off trail,303.7751904,0.544683503,1518,0.431158895,0.7938,0.670640451,38.37,-0.861103781,17240,3420.634921,0.330536767,61704,1970.114943,-0.390663803,2,7.1428571,-0.503202118,0,0,3,0,0,0,0,0
JOFF11,2021-06-30,2021-07-27,Joffre Lakes,2021,28,3.36729583,Off trail,238.4830535,0.620663565,1253,-0.404886147,0.847766667,0.87942845,85.9,0.630382846,17240,3420.634921,0.330536767,61704,1970.114943,-0.390663803,2,7.1428571,-0.503202118,0,0,1,0,0,0,0,0
JOFF12,2021-06-30,2021-07-27,Joffre Lakes,2021,28,3.36729583,Off trail,260.5910944,0.593818128,1655,0.863378408,0.821833333,0.779096723,84.93,0.599944343,17240,3420.634921,0.330536767,61704,1970.114943,-0.390663803,2,7.1428571,-0.503202118,1,0,3,0,0,0,0,0
JOFF13,2021-06-30,2021-07-27,Joffre Lakes,2021,28,3.36729583,Off trail,649.5559073,0.272773959,1775,1.241964842,0.261333333,-1.389383939,0,-2.065150528,17240,3420.634921,0.330536767,61704,1970.114943,-0.390663803,4,14.2857143,-0.501659863,0,0,0,2,0,0,4,0
JOFF14,2021-06-30,2021-07-27,Joffre Lakes,2021,28,3.36729583,On trail,0,1,1789,1.286133259,0.353733333,-1.031903808,0,-2.065150528,17240,3420.634921,0.330536767,61704,1970.114943,-0.390663803,6,21.4285714,-0.500117609,0,0,4,0,0,0,0,0
JOFF15,2021-06-30,2021-07-27,Joffre Lakes,2021,28,3.36729583,On trail,0,1,1318,-0.199818495,0.887466667,1.033021104,97.75,1.002234656,17240,3420.634921,0.330536767,61704,1970.114943,-0.390663803,3505,12517.85714,2.198057223,0,0,0,0,0,0,0,0
JOFF16,2021-06-30,2021-07-27,Joffre Lakes,2021,28,3.36729583,Off trail,408.1976608,0.442022134,1231,-0.47429366,0.856933333,0.914892746,79.67,0.434886072,17240,3420.634921,0.330536767,61704,1970.114943,-0.390663803,2,7.1428571,-0.503202118,0,0,6,0,0,0,0,0
JOFF17,2021-06-30,2021-07-27,Joffre Lakes,2021,28,3.36729583,On trail,0,1,1220,-0.508997417,0.8357,0.832744536,91.49,0.805796485,17240,3420.634921,0.330536767,61704,1970.114943,-0.390663803,5482,19578.57143,3.722576128,0,0,0,0,0,0,0,0
JOFF18,2021-06-30,2021-07-27,Joffre Lakes,2021,28,3.36729583,Off trail,339.2540192,0.50737341,1292,-0.281845556,0.771233333,0.583333794,68.21,0.075272422,17240,3420.634921,0.330536767,61704,1970.114943,-0.390663803,2,7.1428571,-0.503202118,2,1,0,0,0,0,0,1
GARI02,2021-07-28,2021-08-24,Garibaldi,2021,28,3.36729583,On trail,0,1,1615,0.73718293,0.8894,1.040500846,87.46,0.679335489,30258,5145.918367,1.097546355,115472,3208.446791,0.520540646,792,2828.571429,0.105988541,14,0,0,0,0,0,0,0
GARI05,2021-07-28,2021-08-24,Garibaldi,2021,28,3.36729583,On trail,0,1,1520,0.437468669,0.848166667,0.880975983,31.18,-1.086725259,30258,5145.918367,1.097546355,115472,3208.446791,0.520540646,2473,8832.142857,1.40225373,1,0,7,0,0,0,0,0
GARI07,2021-07-28,2021-08-24,Garibaldi,2021,28,3.36729583,On trail,0,1,1681,0.945405469,0.868533333,0.959771204,38.37,-0.861103781,30258,5145.918367,1.097546355,115472,3208.446791,0.520540646,2872,10257.14286,1.70993357,0,0,1,0,0,0,0,0
GARI09,2021-07-28,2021-08-24,Garibaldi,2021,28,3.36729583,Off trail,450.0068852,0.406564061,1478,0.304963417,0.8806,1.006455119,84.6,0.589588976,30258,5145.918367,1.097546355,115472,3208.446791,0.520540646,4,14.2857143,-0.501659863,1,1,0,0,0,0,0,0
GARI10,2021-07-28,2021-08-24,Garibaldi,2021,28,3.36729583,On trail,0,1,1459,0.245020565,0.928333333,1.191127393,68.21,0.075272422,30258,5145.918367,1.097546355,115472,3208.446791,0.520540646,3188,11385.71429,1.953609834,1,1,1,1,0,0,0,0
GARI11,2021-07-28,2021-08-24,Garibaldi,2021,28,3.36729583,On trail,0,1,1350,-0.098862113,0.801533333,0.700559421,91.49,0.805796485,30258,5145.918367,1.097546355,115472,3208.446791,0.520540646,3800,13571.42857,2.425539812,0,0,1,0,0,0,0,0
GARI12,2021-07-28,2021-08-24,Garibaldi,2021,28,3.36729583,On trail,0,1,1070,-0.98223046,0.8448,0.867950912,93.54,0.870125279,30258,5145.918367,1.097546355,115472,3208.446791,0.520540646,3914,13978.57143,2.513448338,0,0,1,0,0,0,0,0
GARI16,2021-07-28,2021-08-24,Garibaldi,2021,28,3.36729583,On trail,0,1,709,-2.121144649,0.8628,0.937589899,89.99,0.758726635,30258,5145.918367,1.097546355,115472,3208.446791,0.520540646,4618,16492.85714,3.056322039,0,0,0,0,0,0,0,0
GARI17,2021-07-28,2021-08-24,Garibaldi,2021,28,3.36729583,On trail,0,1,796,-1.846669485,0.881,1.008002652,73.94,0.255079247,30258,5145.918367,1.097546355,115472,3208.446791,0.520540646,4385,15660.71429,2.876649352,1,0,0,0,0,0,0,0
GARI18,2021-07-28,2021-08-24,Garibaldi,2021,28,3.36729583,On trail,0,1,890,-1.550110111,0.811966667,0.740924244,87.28,0.673687107,30258,5145.918367,1.097546355,115472,3208.446791,0.520540646,4212,15042.85714,2.743244307,1,0,0,0,0,0,0,0
JOFF02,2021-07-28,2021-08-24,Joffre Lakes,2021,28,3.36729583,On trail,0,1,2013,1.992827937,0.266166667,-1.370684579,0,-2.065150528,13335,2645.833333,-0.013916922,61704,1970.114943,-0.390663803,6,21.4285714,-0.500117609,0,0,0,0,0,0,0,0
JOFF03,2021-07-28,2021-08-24,Joffre Lakes,2021,28,3.36729583,On trail,0,1,1229,-0.480603434,0.7241,0.40098282,88.25,0.70412561,13335,2645.833333,-0.013916922,61704,1970.114943,-0.390663803,3998,14278.57143,2.578223041,8,0,0,1,0,0,0,0
JOFF04,2021-07-28,2021-08-24,Joffre Lakes,2021,28,3.36729583,On trail,0,1,1603,0.699324286,0.614,-0.024975647,77.57,0.368988282,13335,2645.833333,-0.013916922,61704,1970.114943,-0.390663803,16,57.1428571,-0.492406334,0,0,0,0,0,0,0,0
JOFF06,2021-07-28,2021-08-24,Joffre Lakes,2021,28,3.36729583,On trail,0,1,1567,0.585748356,0.713,0.358038778,17.9,-1.503450326,13335,2645.833333,-0.013916922,61704,1970.114943,-0.390663803,1417,5060.714286,0.587943177,0,0,0,2,0,0,0,0
JOFF09,2021-07-28,2021-08-24,Joffre Lakes,2021,28,3.36729583,On trail,0,1,1408,0.08412133,0.847033333,0.876591304,73.14,0.229975327,13335,2645.833333,-0.013916922,61704,1970.114943,-0.390663803,2116,7557.142857,1.126961242,0,1,0,0,0,0,0,0
JOFF14,2021-07-28,2021-08-24,Joffre Lakes,2021,28,3.36729583,On trail,0,1,1789,1.286133259,0.3228,-1.151579695,0,-2.065150528,13335,2645.833333,-0.013916922,61704,1970.114943,-0.390663803,1,3.5714286,-0.503973246,0,0,0,3,0,0,0,0
JOFF15,2021-07-28,2021-08-24,Joffre Lakes,2021,28,3.36729583,On trail,0,1,1318,-0.199818495,0.873366667,0.978470564,97.75,1.002234656,13335,2645.833333,-0.013916922,61704,1970.114943,-0.390663803,2986,10664.28571,1.797842094,0,0,0,0,0,0,0,0
JOFF17,2021-07-28,2021-08-24,Joffre Lakes,2021,28,3.36729583,On trail,0,1,1220,-0.508997417,0.684633333,0.248292893,91.49,0.805796485,13335,2645.833333,-0.013916922,61704,1970.114943,-0.390663803,2795,9982.142857,1.650556758,0,0,0,1,0,0,0,0
GARI02,2021-08-25,2021-09-21,Garibaldi,2021,28,3.36729583,On trail,0,1,1615,0.73718293,0.7909,0.659420836,87.46,0.679335489,25452,4328.571429,0.734178272,115472,3208.446791,0.520540646,1136,4057.142857,0.371256373,9,1,1,1,0,0,0,0
GARI03,2021-08-25,2021-09-21,Garibaldi,2021,28,3.36729583,Off trail,244.8130842,0.612855456,1664,0.89177239,0.6848,0.248937699,14.05,-1.624262939,25452,4328.571429,0.734178272,115472,3208.446791,0.520540646,5,17.8571429,-0.500888736,0,10,4,0,0,0,0,0
GARI04,2021-08-25,2021-09-21,Garibaldi,2021,28,3.36729583,Off trail,267.1805777,0.586043561,1536,0.48794686,0.846,0.872593512,83.77,0.56354366,25452,4328.571429,0.734178272,115472,3208.446791,0.520540646,1,3.5714286,-0.503973246,0,11,2,0,4,0,0,0
GARI05,2021-08-25,2021-09-21,Garibaldi,2021,28,3.36729583,On trail,0,1,1520,0.437468669,0.7952,0.676056816,31.18,-1.086725259,25452,4328.571429,0.734178272,115472,3208.446791,0.520540646,1535,5482.142857,0.678936212,0,2,3,0,0,0,0,0
GARI07,2021-08-25,2021-09-21,Garibaldi,2021,28,3.36729583,On trail,0,1,1681,0.945405469,0.82535,0.792702119,38.37,-0.861103781,25452,4328.571429,0.734178272,115472,3208.446791,0.520540646,2285,8160.714286,1.257281775,0,0,0,0,0,0,0,0
GARI09,2021-08-25,2021-09-21,Garibaldi,2021,28,3.36729583,Off trail,450.0068852,0.406564061,1478,0.304963417,0.82825,0.803921733,84.6,0.589588976,25452,4328.571429,0.734178272,115472,3208.446791,0.520540646,6,21.4285714,-0.500117609,1,0,0,0,0,0,0,0
GARI10,2021-08-25,2021-09-21,Garibaldi,2021,28,3.36729583,On trail,0,1,1459,0.245020565,0.8597,0.925596518,68.21,0.075272422,25452,4328.571429,0.734178272,115472,3208.446791,0.520540646,2844,10157.14286,1.688342002,2,0,1,0,0,0,0,0
GARI11,2021-08-25,2021-09-21,Garibaldi,2021,28,3.36729583,On trail,0,1,1350,-0.098862113,0.8167,0.759236717,91.49,0.805796485,25452,4328.571429,0.734178272,115472,3208.446791,0.520540646,3152,11257.14286,1.925849246,1,1,0,0,0,0,0,0
GARI12,2021-08-25,2021-09-21,Garibaldi,2021,28,3.36729583,On trail,0,1,1070,-0.98223046,0.8643,0.943393148,93.54,0.870125279,25452,4328.571429,0.734178272,115472,3208.446791,0.520540646,3355,11982.14286,2.082388112,1,0,0,0,0,0,0,0
GARI16,2021-08-25,2021-09-21,Garibaldi,2021,28,3.36729583,On trail,0,1,709,-2.121144649,0.8872,1.031989414,89.99,0.758726635,25452,4328.571429,0.734178272,115472,3208.446791,0.520540646,3959,14139.28571,2.548149071,0,0,0,0,0,0,0,0
GARI17,2021-08-25,2021-09-21,Garibaldi,2021,28,3.36729583,On trail,0,1,796,-1.846669485,0.9041,1.097372684,73.94,0.255079247,25452,4328.571429,0.734178272,115472,3208.446791,0.520540646,3574,12764.28571,2.251265015,0,0,0,0,0,0,0,0
GARI18,2021-08-25,2021-09-21,Garibaldi,2021,28,3.36729583,On trail,0,1,890,-1.550110111,0.79875,0.689791172,87.28,0.673687107,25452,4328.571429,0.734178272,115472,3208.446791,0.520540646,3600,12857.14286,2.271314329,1,0,0,0,0,0,0,0
JOFF02,2021-08-25,2021-09-21,Joffre Lakes,2021,28,3.36729583,On trail,0,1,2013,1.992827937,0.2139,-1.572895563,0,-2.065150528,13180,2615.079365,-0.027589219,61704,1970.114943,-0.390663803,14,50,-0.493948589,0,0,0,0,1,0,0,1
JOFF03,2021-08-25,2021-09-21,Joffre Lakes,2021,28,3.36729583,On trail,0,1,1229,-0.480603434,0.7198,0.38434684,88.25,0.70412561,13180,2615.079365,-0.027589219,61704,1970.114943,-0.390663803,4088,14600,2.647624508,10,0,0,0,0,0,0,0
JOFF04,2021-08-25,2021-09-21,Joffre Lakes,2021,28,3.36729583,On trail,0,1,1603,0.699324286,0.57445,-0.177987976,77.57,0.368988282,13180,2615.079365,-0.027589219,61704,1970.114943,-0.390663803,27,96.4285714,-0.483923933,0,0,0,0,0,0,6,0
JOFF05,2021-08-25,2021-09-21,Joffre Lakes,2021,28,3.36729583,Off trail,231.8578592,0.628942326,1597,0.680394964,0.71245,0.35591092,87.28,0.673687107,13180,2615.079365,-0.027589219,61704,1970.114943,-0.390663803,1,3.5714286,-0.503973246,0,0,4,0,0,0,0,0
JOFF06,2021-08-25,2021-09-21,Joffre Lakes,2021,28,3.36729583,On trail,0,1,1567,0.585748356,0.60385,-0.064244298,17.9,-1.503450326,13180,2615.079365,-0.027589219,61704,1970.114943,-0.390663803,1173,4189.285714,0.399788087,0,0,0,1,0,0,0,0
JOFF08,2021-08-25,2021-09-21,Joffre Lakes,2021,28,3.36729583,Off trail,314.3639562,0.533269736,1489,0.339667174,0.5578,-0.242404038,97.37,0.990310294,13180,2615.079365,-0.027589219,61704,1970.114943,-0.390663803,2,7.1428571,-0.503202118,0,0,0,0,0,0,0,0
JOFF09,2021-08-25,2021-09-21,Joffre Lakes,2021,28,3.36729583,On trail,0,1,1408,0.08412133,0.71245,0.35591092,73.14,0.229975327,13180,2615.079365,-0.027589219,61704,1970.114943,-0.390663803,2101,7503.571429,1.115394331,0,0,0,2,0,0,0,0
JOFF14,2021-08-25,2021-09-21,Joffre Lakes,2021,28,3.36729583,On trail,0,1,1789,1.286133259,0.46655,-0.595435011,0,-2.065150528,13180,2615.079365,-0.027589219,61704,1970.114943,-0.390663803,10,35.7142857,-0.497033099,0,0,0,2,0,0,1,1
JOFF15,2021-08-25,2021-09-21,Joffre Lakes,2021,28,3.36729583,On trail,0,1,1318,-0.199818495,0.7882,0.648974988,97.75,1.002234656,13180,2615.079365,-0.027589219,61704,1970.114943,-0.390663803,3001,10717.85714,1.809409005,0,0,0,0,0,0,0,0
JOFF17,2021-08-25,2021-09-21,Joffre Lakes,2021,28,3.36729583,On trail,0,1,1220,-0.508997417,0.7482,0.494221685,91.49,0.805796485,13180,2615.079365,-0.027589219,61704,1970.114943,-0.390663803,2763,9867.857143,1.625880681,0,1,1,0,0,0,0,0
GARI02,2021-09-22,2021-10-19,Garibaldi,2021,28,3.36729583,On trail,0,1,1615,0.73718293,0.5106,-0.425012936,87.46,0.679335489,14549,2474.319728,-0.090166758,115472,3208.446791,0.520540646,645,2303.571429,-0.007367189,11,7,2,0,0,0,0,0
GARI05,2021-09-22,2021-10-19,Garibaldi,2021,28,3.36729583,On trail,0,1,1520,0.437468669,0.354,-1.030872118,31.18,-1.086725259,14549,2474.319728,-0.090166758,115472,3208.446791,0.520540646,698,2492.857143,0.033502564,14,3,1,0,1,0,0,0
GARI07,2021-09-22,2021-10-19,Garibaldi,2021,28,3.36729583,On trail,0,1,1681,0.945405469,0.1284,-1.903680749,38.37,-0.861103781,14549,2474.319728,-0.090166758,115472,3208.446791,0.520540646,974,3478.571429,0.246333731,0,0,0,0,1,0,0,0
GARI09,2021-09-22,2021-10-19,Garibaldi,2021,28,3.36729583,Off trail,450.0068852,0.406564061,1478,0.304963417,0.52215,-0.38032792,84.6,0.589588976,14549,2474.319728,-0.090166758,115472,3208.446791,0.520540646,9,32.1428571,-0.497804226,6,2,0,0,0,0,0,0
GARI10,2021-09-22,2021-10-19,Garibaldi,2021,28,3.36729583,On trail,0,1,1459,0.245020565,0.6568,0.140610387,68.21,0.075272422,14549,2474.319728,-0.090166758,115472,3208.446791,0.520540646,1639,5853.571429,0.759133464,0,1,0,2,0,0,0,0
GARI11,2021-09-22,2021-10-19,Garibaldi,2021,28,3.36729583,On trail,0,1,1350,-0.098862113,0.90255,1.091375994,91.49,0.805796485,14549,2474.319728,-0.090166758,115472,3208.446791,0.520540646,2054,7335.714286,1.079151342,3,2,2,0,0,2,0,0
GARI12,2021-09-22,2021-10-19,Garibaldi,2021,28,3.36729583,On trail,0,1,1070,-0.98223046,0.8934,1.055976176,93.54,0.870125279,14549,2474.319728,-0.090166758,115472,3208.446791,0.520540646,1981,7075,1.02285904,0,1,2,0,0,0,0,0
GARI16,2021-09-22,2021-10-19,Garibaldi,2021,28,3.36729583,On trail,0,1,709,-2.121144649,0.86705,0.954032437,89.99,0.758726635,14549,2474.319728,-0.090166758,115472,3208.446791,0.520540646,2190,7821.428571,1.18402467,0,0,0,0,0,0,0,0
GARI17,2021-09-22,2021-10-19,Garibaldi,2021,28,3.36729583,On trail,0,1,796,-1.846669485,0.8531,0.900062223,73.94,0.255079247,14549,2474.319728,-0.090166758,115472,3208.446791,0.520540646,2146,7664.285714,1.150095064,0,0,0,0,0,0,0,0
GARI18,2021-09-22,2021-10-19,Garibaldi,2021,28,3.36729583,On trail,0,1,890,-1.550110111,0.90325,1.094084177,87.28,0.673687107,14549,2474.319728,-0.090166758,115472,3208.446791,0.520540646,2212,7900,1.200989474,0,0,0,0,0,0,0,0
GARI22,2021-09-22,2021-10-19,Garibaldi,2021,28,3.36729583,Off trail,616.9545369,0.291152215,507,-2.758431814,0.84775,0.879363969,70.18,0.137090825,14549,2474.319728,-0.090166758,115472,3208.446791,0.520540646,1,3.5714286,-0.503973246,2,0,1,0,0,1,0,0
JOFF02,2021-09-22,2021-10-19,Joffre Lakes,2021,28,3.36729583,On trail,0,1,2013,1.992827937,0.0177,-2.331960515,0,-2.065150528,11148,2211.904762,-0.206828629,61704,1970.114943,-0.390663803,5,17.8571429,-0.500888736,0,0,0,0,0,0,0,0
JOFF03,2021-09-22,2021-10-19,Joffre Lakes,2021,28,3.36729583,On trail,0,1,1229,-0.480603434,0.3107,-1.198392569,88.25,0.70412561,11148,2211.904762,-0.206828629,61704,1970.114943,-0.390663803,3447,12310.71429,2.153331835,7,0,0,0,0,0,0,0
JOFF04,2021-09-22,2021-10-19,Joffre Lakes,2021,28,3.36729583,On trail,0,1,1603,0.699324286,0.11285,-1.963841095,77.57,0.368988282,11148,2211.904762,-0.206828629,61704,1970.114943,-0.390663803,13,46.4285714,-0.494719717,0,0,0,1,0,0,0,0
JOFF06,2021-09-22,2021-10-19,Joffre Lakes,2021,28,3.36729583,On trail,0,1,1567,0.585748356,0.14115,-1.854353133,17.9,-1.503450326,11148,2211.904762,-0.206828629,61704,1970.114943,-0.390663803,732,2614.285714,0.059720896,0,0,0,0,0,0,0,1
JOFF09,2021-09-22,2021-10-19,Joffre Lakes,2021,28,3.36729583,On trail,0,1,1408,0.08412133,0.2092,-1.591079076,73.14,0.229975327,11148,2211.904762,-0.206828629,61704,1970.114943,-0.390663803,1716,6128.571429,0.818510275,0,0,0,0,0,0,0,0
JOFF14,2021-09-22,2021-10-19,Joffre Lakes,2021,28,3.36729583,On trail,0,1,1789,1.286133259,0.0503,-2.205836573,0,-2.065150528,11148,2211.904762,-0.206828629,61704,1970.114943,-0.390663803,3,10.7142857,-0.502430991,0,0,0,3,0,0,0,0
JOFF15,2021-09-22,2021-10-19,Joffre Lakes,2021,28,3.36729583,On trail,0,1,1318,-0.199818495,0.2107,-1.585275827,97.75,1.002234656,11148,2211.904762,-0.206828629,61704,1970.114943,-0.390663803,2661,9503.571429,1.547225684,0,0,0,0,0,0,0,0
JOFF17,2021-09-22,2021-10-19,Joffre Lakes,2021,28,3.36729583,On trail,0,1,1220,-0.508997417,0.36015,-1.007078798,91.49,0.805796485,11148,2211.904762,-0.206828629,61704,1970.114943,-0.390663803,2564,9157.142857,1.472426325,0,0,1,1,0,0,0,0
JOFF19,2021-09-22,2021-10-19,Joffre Lakes,2021,28,3.36729583,Off trail,461.1717115,0.397586236,1364,-0.054693695,0.2508,-1.430135641,91.49,0.805796485,11148,2211.904762,-0.206828629,61704,1970.114943,-0.390663803,7,25,-0.499346481,0,1,5,0,0,0,0,1
GARI10,2022-05-04,2022-05-31,Garibaldi,2022,28,3.36729583,On trail,0,1,1459,0.245020565,0.1376,-1.868087489,68.21,0.075272422,3084,524.4897959,-0.95700302,84772,3680.937907,0.868214824,2,7.1428571,-0.503202118,0,0,0,0,0,0,0,0
GARI12,2022-05-04,2022-05-31,Garibaldi,2022,28,3.36729583,On trail,0,1,1070,-0.98223046,0.78025,0.618217769,93.54,0.870125279,3084,524.4897959,-0.95700302,84772,3680.937907,0.868214824,735,2625,0.062034279,1,0,1,1,0,0,0,0
GARI14,2022-05-04,2022-05-31,Garibaldi,2022,28,3.36729583,Off trail,197.5455352,0.67361869,909,-1.490167259,0.36605,-0.984252686,90.53,0.775671781,3084,524.4897959,-0.95700302,84772,3680.937907,0.868214824,3,10.7142857,-0.502430991,0,1,0,0,0,0,0,0
GARI16,2022-05-04,2022-05-31,Garibaldi,2022,28,3.36729583,On trail,0,1,709,-2.121144649,0.5677,-0.204102596,89.99,0.758726635,3084,524.4897959,-0.95700302,84772,3680.937907,0.868214824,717,2560.714286,0.048153985,0,0,0,0,0,1,0,0
GARI17,2022-05-04,2022-05-31,Garibaldi,2022,28,3.36729583,On trail,0,1,796,-1.846669485,0.56295,-0.222479551,73.94,0.255079247,3084,524.4897959,-0.95700302,84772,3680.937907,0.868214824,935,3339.285714,0.216259762,0,0,0,2,1,0,0,0
GARI18,2022-05-04,2022-05-31,Garibaldi,2022,28,3.36729583,On trail,0,1,890,-1.550110111,0.4735,-0.568546625,87.28,0.673687107,3084,524.4897959,-0.95700302,84772,3680.937907,0.868214824,682,2435.714286,0.021164526,0,0,0,0,0,0,0,0
GARI19,2022-05-04,2022-05-31,Garibaldi,2022,28,3.36729583,Off trail,348.8533486,0.497725431,954,-1.348197346,0.6473,0.103856478,73.94,0.255079247,3084,524.4897959,-0.95700302,84772,3680.937907,0.868214824,3,10.7142857,-0.502430991,0,0,0,0,0,0,0,0
GARI20,2022-05-04,2022-05-31,Garibaldi,2022,28,3.36729583,Off trail,340.8224935,0.505784299,919,-1.458618389,0.81475,0.751692493,89.99,0.758726635,3084,524.4897959,-0.95700302,84772,3680.937907,0.868214824,3,10.7142857,-0.502430991,0,0,0,0,0,0,0,0
GARI22,2022-05-04,2022-05-31,Garibaldi,2022,28,3.36729583,Off trail,616.9545369,0.291152215,507,-2.758431814,0.7336,0.437736729,70.18,0.137090825,3084,524.4897959,-0.95700302,84772,3680.937907,0.868214824,4,14.2857143,-0.501659863,0,0,2,0,0,0,0,0
JOFF03,2022-05-04,2022-05-31,Joffre Lakes,2022,28,3.36729583,On trail,0,1,1229,-0.480603434,0.45235,-0.650372434,88.25,0.70412561,3200,634.9206349,-0.907908761,63057,3171.881288,0.493634572,1,3.5714286,-0.503973246,0,0,0,0,0,0,0,0
JOFF06,2022-05-04,2022-05-31,Joffre Lakes,2022,28,3.36729583,On trail,0,1,1567,0.585748356,0.14115,-1.854353133,17.9,-1.503450326,3200,634.9206349,-0.907908761,63057,3171.881288,0.493634572,8,28.5714286,-0.498575354,1,0,0,1,0,0,0,0
JOFF09,2022-05-04,2022-05-31,Joffre Lakes,2022,28,3.36729583,On trail,0,1,1408,0.08412133,0.3188,-1.167055025,73.14,0.229975327,3200,634.9206349,-0.907908761,63057,3171.881288,0.493634572,882,3150,0.175390009,0,0,0,0,0,0,0,0
JOFF15,2022-05-04,2022-05-31,Joffre Lakes,2022,28,3.36729583,On trail,0,1,1318,-0.199818495,0.34945,-1.048475307,97.75,1.002234656,3200,634.9206349,-0.907908761,63057,3171.881288,0.493634572,952,3400,0.229368928,0,0,0,0,0,0,0,0
JOFF17,2022-05-04,2022-05-31,Joffre Lakes,2022,28,3.36729583,On trail,0,1,1220,-0.508997417,0.3259,-1.139586314,91.49,0.805796485,3200,634.9206349,-0.907908761,63057,3171.881288,0.493634572,1357,4846.428571,0.541675532,0,0,0,1,0,0,0,0
GARI05,2022-06-01,2022-06-28,Garibaldi,2022,28,3.36729583,On trail,0,1,1520,0.437468669,0.2566,-1.407696412,31.18,-1.086725259,8438,1435.034014,-0.552202205,84772,3680.937907,0.868214824,4,14.2857143,-0.501659863,0,0,0,0,0,0,0,0
GARI07,2022-06-01,2022-06-28,Garibaldi,2022,28,3.36729583,On trail,0,1,1681,0.945405469,0.0325,-2.274701793,38.37,-0.861103781,8438,1435.034014,-0.552202205,84772,3680.937907,0.868214824,4,14.2857143,-0.501659863,1,0,0,0,0,0,0,0
GARI09,2022-06-01,2022-06-28,Garibaldi,2022,28,3.36729583,Off trail,450.0068852,0.406564061,1478,0.304963417,0.11065,-1.972352527,84.6,0.589588976,8438,1435.034014,-0.552202205,84772,3680.937907,0.868214824,4,14.2857143,-0.501659863,0,0,0,0,0,0,0,0
GARI10,2022-06-01,2022-06-28,Garibaldi,2022,28,3.36729583,On trail,0,1,1459,0.245020565,0.2411,-1.467663317,68.21,0.075272422,8438,1435.034014,-0.552202205,84772,3680.937907,0.868214824,202,721.4285714,-0.348976635,1,0,0,0,0,0,0,0
GARI11,2022-06-01,2022-06-28,Garibaldi,2022,28,3.36729583,On trail,0,1,1350,-0.098862113,0.74545,0.483582395,91.49,0.805796485,8438,1435.034014,-0.552202205,84772,3680.937907,0.868214824,733,2617.857143,0.060492024,0,0,0,0,0,0,0,0
GARI12,2022-06-01,2022-06-28,Garibaldi,2022,28,3.36729583,On trail,0,1,1070,-0.98223046,0.74785,0.492867594,93.54,0.870125279,8438,1435.034014,-0.552202205,84772,3680.937907,0.868214824,1831,6539.285714,0.907189928,4,0,1,0,0,0,0,0
GARI13,2022-06-01,2022-06-28,Garibaldi,2022,28,3.36729583,Off trail,306.934926,0.541252245,1342,-0.124101208,0.72795,0.415877825,68.21,0.075272422,8438,1435.034014,-0.552202205,84772,3680.937907,0.868214824,2,7.1428571,-0.503202118,0,1,0,1,0,0,1,0
GARI16,2022-06-01,2022-06-28,Garibaldi,2022,28,3.36729583,On trail,0,1,709,-2.121144649,0.85375,0.902576964,89.99,0.758726635,8438,1435.034014,-0.552202205,84772,3680.937907,0.868214824,1992,7114.285714,1.031341442,0,0,0,0,0,0,0,0
GARI17,2022-06-01,2022-06-28,Garibaldi,2022,28,3.36729583,On trail,0,1,796,-1.846669485,0.84785,0.879750852,73.94,0.255079247,8438,1435.034014,-0.552202205,84772,3680.937907,0.868214824,1777,6346.428571,0.865549047,0,0,2,0,0,0,0,0
GARI18,2022-06-01,2022-06-28,Garibaldi,2022,28,3.36729583,On trail,0,1,890,-1.550110111,0.78565,0.639109465,87.28,0.673687107,8438,1435.034014,-0.552202205,84772,3680.937907,0.868214824,1885,6732.142857,0.948830808,3,0,3,0,0,0,0,0
GARI21,2022-06-01,2022-06-28,Garibaldi,2022,28,3.36729583,Off trail,325.3640359,0.521665828,1489,0.339667174,0.13225,-1.888785743,73.14,0.229975327,8438,1435.034014,-0.552202205,84772,3680.937907,0.868214824,4,14.2857143,-0.501659863,0,0,0,0,0,0,0,0
JOFF03,2022-06-01,2022-06-28,Joffre Lakes,2022,28,3.36729583,On trail,0,1,1229,-0.480603434,0.6916,0.275245761,88.25,0.70412561,9136,1812.698413,-0.384303871,63057,3171.881288,0.493634572,3281,11717.85714,2.025324682,13,0,0,0,1,0,0,0
JOFF04,2022-06-01,2022-06-28,Joffre Lakes,2022,28,3.36729583,On trail,0,1,1603,0.699324286,0.12575,-1.913933155,77.57,0.368988282,9136,1812.698413,-0.384303871,63057,3171.881288,0.493634572,6,21.4285714,-0.500117609,0,0,0,0,0,0,1,0
JOFF06,2022-06-01,2022-06-28,Joffre Lakes,2022,28,3.36729583,On trail,0,1,1567,0.585748356,0.4402,-0.69737875,17.9,-1.503450326,9136,1812.698413,-0.384303871,63057,3171.881288,0.493634572,659,2353.571429,0.003428595,0,0,0,0,0,0,0,0
JOFF09,2022-06-01,2022-06-28,Joffre Lakes,2022,28,3.36729583,On trail,0,1,1408,0.08412133,0.5786,-0.161932321,73.14,0.229975327,9136,1812.698413,-0.384303871,63057,3171.881288,0.493634572,1378,4921.428571,0.557869208,0,0,0,0,0,0,0,0
JOFF14,2022-06-01,2022-06-28,Joffre Lakes,2022,28,3.36729583,On trail,0,1,1789,1.286133259,0.01475,-2.343373572,0,-2.065150528,9136,1812.698413,-0.384303871,63057,3171.881288,0.493634572,1,3.5714286,-0.503973246,0,0,0,2,0,0,0,1
JOFF15,2022-06-01,2022-06-28,Joffre Lakes,2022,28,3.36729583,On trail,0,1,1318,-0.199818495,0.7776,0.607965363,97.75,1.002234656,9136,1812.698413,-0.384303871,63057,3171.881288,0.493634572,2634,9407.142857,1.526405244,0,0,0,0,0,0,0,0
JOFF17,2022-06-01,2022-06-28,Joffre Lakes,2022,28,3.36729583,On trail,0,1,1220,-0.508997417,0.82435,0.788833286,91.49,0.805796485,9136,1812.698413,-0.384303871,63057,3171.881288,0.493634572,1177,4203.571429,0.402872597,1,0,0,0,0,0,0,0
GARI01,2022-06-29,2022-07-26,Garibaldi,2022,28,3.36729583,Off trail,145.6418021,0.747303709,1550,0.532115278,0.452066667,-0.651468602,11.08,-1.717461241,29285,4980.442177,1.023980574,84772,3680.937907,0.868214824,4,14.2857143,-0.501659863,0,0,0,0,0,0,0,0
GARI02,2022-06-29,2022-07-26,Garibaldi,2022,28,3.36729583,On trail,0,1,1615,0.73718293,0.659766667,0.152087925,87.46,0.679335489,29285,4980.442177,1.023980574,84772,3680.937907,0.868214824,361,1289.285714,-0.226367376,5,0,1,0,0,0,0,0
GARI03,2022-06-29,2022-07-26,Garibaldi,2022,28,3.36729583,Off trail,244.8130842,0.612855456,1664,0.89177239,0.4788,-0.548041812,14.05,-1.624262939,29285,4980.442177,1.023980574,84772,3680.937907,0.868214824,5,17.8571429,-0.500888736,1,0,0,0,0,0,0,0
GARI04,2022-06-29,2022-07-26,Garibaldi,2022,28,3.36729583,Off trail,267.1805777,0.586043561,1536,0.48794686,0.733366667,0.436834003,83.77,0.56354366,29285,4980.442177,1.023980574,84772,3680.937907,0.868214824,3,10.7142857,-0.502430991,2,0,0,0,0,0,0,0
GARI05,2022-06-29,2022-07-26,Garibaldi,2022,28,3.36729583,On trail,0,1,1520,0.437468669,0.6464,0.100374528,31.18,-1.086725259,29285,4980.442177,1.023980574,84772,3680.937907,0.868214824,1296,4628.571429,0.49463676,1,0,2,0,0,0,1,0
GARI07,2022-06-29,2022-07-26,Garibaldi,2022,28,3.36729583,On trail,0,1,1681,0.945405469,0.4544,-0.642441327,38.37,-0.861103781,29285,4980.442177,1.023980574,84772,3680.937907,0.868214824,1318,4707.142857,0.511601563,0,0,1,2,0,0,0,0
GARI09,2022-06-29,2022-07-26,Garibaldi,2022,28,3.36729583,Off trail,450.0068852,0.406564061,1478,0.304963417,0.5493,-0.275289115,84.6,0.589588976,29285,4980.442177,1.023980574,84772,3680.937907,0.868214824,1,3.5714286,-0.503973246,6,0,0,0,0,0,0,0
GARI10,2022-06-29,2022-07-26,Garibaldi,2022,28,3.36729583,On trail,0,1,1459,0.245020565,0.630033333,0.037054634,68.21,0.075272422,29285,4980.442177,1.023980574,84772,3680.937907,0.868214824,3302,11792.85714,2.041518358,9,0,1,1,0,2,1,0
GARI11,2022-06-29,2022-07-26,Garibaldi,2022,28,3.36729583,On trail,0,1,1350,-0.098862113,0.868466667,0.959513285,91.49,0.805796485,29285,4980.442177,1.023980574,84772,3680.937907,0.868214824,4364,15585.71429,2.860455676,10,0,0,0,0,0,0,0
GARI12,2022-06-29,2022-07-26,Garibaldi,2022,28,3.36729583,On trail,0,1,1070,-0.98223046,0.877133333,0.993043165,93.54,0.870125279,29285,4980.442177,1.023980574,84772,3680.937907,0.868214824,4566,16307.14286,3.016223414,1,1,1,0,0,0,0,0
GARI16,2022-06-29,2022-07-26,Garibaldi,2022,28,3.36729583,On trail,0,1,709,-2.121144649,0.873166667,0.977696798,89.99,0.758726635,29285,4980.442177,1.023980574,84772,3680.937907,0.868214824,4871,17396.42857,3.251417276,0,0,4,0,0,0,0,0
GARI17,2022-06-29,2022-07-26,Garibaldi,2022,28,3.36729583,On trail,0,1,796,-1.846669485,0.860566667,0.928949507,73.94,0.255079247,29285,4980.442177,1.023980574,84772,3680.937907,0.868214824,4479,15996.42857,2.949135328,0,0,1,0,0,0,0,0
GARI18,2022-06-29,2022-07-26,Garibaldi,2022,28,3.36729583,On trail,0,1,890,-1.550110111,0.828766667,0.805920631,87.28,0.673687107,29285,4980.442177,1.023980574,84772,3680.937907,0.868214824,4711,16825,3.128036889,0,0,2,0,0,0,0,0
GARI19,2022-06-29,2022-07-26,Garibaldi,2022,28,3.36729583,Off trail,348.8533486,0.497725431,954,-1.348197346,0.878333333,0.997685764,73.94,0.255079247,29285,4980.442177,1.023980574,84772,3680.937907,0.868214824,4,14.2857143,-0.501659863,0,0,0,0,0,0,0,0
JOFF02,2022-06-29,2022-07-26,Joffre Lakes,2022,28,3.36729583,On trail,0,1,2013,1.992827937,0.0368,-2.258065813,0,-2.065150528,23255,4614.087302,0.861110118,63057,3171.881288,0.493634572,12,42.8571429,-0.495490844,0,0,0,0,0,0,0,0
JOFF03,2022-06-29,2022-07-26,Joffre Lakes,2022,28,3.36729583,On trail,0,1,1229,-0.480603434,0.693166667,0.281306933,88.25,0.70412561,23255,4614.087302,0.861110118,63057,3171.881288,0.493634572,6308,22528.57143,4.359527375,6,0,0,0,0,0,0,0
JOFF04,2022-06-29,2022-07-26,Joffre Lakes,2022,28,3.36729583,On trail,0,1,1603,0.699324286,0.355966667,-1.023263413,77.57,0.368988282,23255,4614.087302,0.861110118,63057,3171.881288,0.493634572,31,110.7142857,-0.480839423,0,0,0,0,0,0,3,0
JOFF06,2022-06-29,2022-07-26,Joffre Lakes,2022,28,3.36729583,On trail,0,1,1567,0.585748356,0.775666667,0.600485621,17.9,-1.503450326,23255,4614.087302,0.861110118,63057,3171.881288,0.493634572,1850,6607.142857,0.921841349,0,0,0,0,0,0,0,0
JOFF07,2022-06-29,2022-07-26,Joffre Lakes,2022,28,3.36729583,Off trail,687.1191201,0.253032272,1276,-0.332323747,0.8761,0.989045372,91.49,0.805796485,23255,4614.087302,0.861110118,63057,3171.881288,0.493634572,5,17.8571429,-0.500888736,2,1,1,0,0,0,0,0
JOFF09,2022-06-29,2022-07-26,Joffre Lakes,2022,28,3.36729583,On trail,0,1,1408,0.08412133,0.7825,0.626922643,73.14,0.229975327,23255,4614.087302,0.861110118,63057,3171.881288,0.493634572,4063,14510.71429,2.628346324,0,0,0,1,0,0,0,0
JOFF10,2022-06-29,2022-07-26,Joffre Lakes,2022,28,3.36729583,Off trail,303.7751904,0.544683503,1518,0.431158895,0.758266667,0.533167934,38.37,-0.861103781,23255,4614.087302,0.861110118,63057,3171.881288,0.493634572,3,10.7142857,-0.502430991,0,0,0,0,0,0,0,0
JOFF11,2022-06-29,2022-07-26,Joffre Lakes,2022,28,3.36729583,Off trail,238.4830535,0.620663565,1253,-0.404886147,0.8338,0.825393754,85.9,0.630382846,23255,4614.087302,0.861110118,63057,3171.881288,0.493634572,9,32.1428571,-0.497804226,0,0,0,0,0,0,0,0
JOFF13,2022-06-29,2022-07-26,Joffre Lakes,2022,28,3.36729583,Off trail,649.5559073,0.272773959,1775,1.241964842,0.269366667,-1.358304315,0,-2.065150528,23255,4614.087302,0.861110118,63057,3171.881288,0.493634572,3,10.7142857,-0.502430991,0,0,0,0,0,0,2,0
JOFF14,2022-06-29,2022-07-26,Joffre Lakes,2022,28,3.36729583,On trail,0,1,1789,1.286133259,0.3224,-1.153127228,0,-2.065150528,23255,4614.087302,0.861110118,63057,3171.881288,0.493634572,13,46.4285714,-0.494719717,0,0,0,0,0,0,0,0
JOFF15,2022-06-29,2022-07-26,Joffre Lakes,2022,28,3.36729583,On trail,0,1,1318,-0.199818495,0.881433333,1.009679145,97.75,1.002234656,23255,4614.087302,0.861110118,63057,3171.881288,0.493634572,5483,19582.14286,3.723347256,0,0,0,0,0,0,0,0
JOFF16,2022-06-29,2022-07-26,Joffre Lakes,2022,28,3.36729583,Off trail,408.1976608,0.442022134,1231,-0.47429366,0.858566667,0.921211842,79.67,0.434886072,23255,4614.087302,0.861110118,63057,3171.881288,0.493634572,2,7.1428571,-0.503202118,0,0,5,0,0,0,0,1
JOFF17,2022-06-29,2022-07-26,Joffre Lakes,2022,28,3.36729583,On trail,0,1,1220,-0.508997417,0.814566667,0.750983209,91.49,0.805796485,23255,4614.087302,0.861110118,63057,3171.881288,0.493634572,5467,19525,3.711009217,0,0,0,0,0,0,0,0
JOFF18,2022-06-29,2022-07-26,Joffre Lakes,2022,28,3.36729583,Off trail,339.2540192,0.50737341,1292,-0.281845556,0.7726,0.5886212,68.21,0.075272422,23255,4614.087302,0.861110118,63057,3171.881288,0.493634572,2,7.1428571,-0.503202118,9,0,4,0,0,0,0,0
JOFF19,2022-06-29,2022-07-26,Joffre Lakes,2022,28,3.36729583,Off trail,461.1717115,0.397586236,1364,-0.054693695,0.8759,0.988271606,91.49,0.805796485,23255,4614.087302,0.861110118,63057,3171.881288,0.493634572,4,14.2857143,-0.501659863,13,2,2,0,0,0,0,0
GARI01,2022-07-27,2022-08-23,Garibaldi,2022,13,2.63905733,Off trail,145.6418021,0.747303709,1550,0.532115278,0.7797,0.616089911,11.08,-1.717461241,34712,6873.663366,1.865650276,84772,3680.937907,0.868214824,2,15.3846154,-0.501422593,0,0,2,0,0,0,0,0
GARI02,2022-07-27,2022-08-23,Garibaldi,2022,28,3.36729583,On trail,0,1,1615,0.73718293,0.7791,0.613768612,87.46,0.679335489,34712,6873.663366,1.865650276,84772,3680.937907,0.868214824,783,2796.428571,0.099048394,11,0,1,0,0,0,0,0
GARI03,2022-07-27,2022-08-23,Garibaldi,2022,14,2.708050201,Off trail,244.8130842,0.612855456,1664,0.89177239,0.75355,0.514919939,14.05,-1.624262939,34712,6873.663366,1.865650276,84772,3680.937907,0.868214824,1,7.1428571,-0.503202118,0,0,2,0,1,0,0,0
GARI04,2022-07-27,2022-08-23,Garibaldi,2022,13,2.63905733,Off trail,267.1805777,0.586043561,1536,0.48794686,0.84875,0.883232801,83.77,0.56354366,34712,6873.663366,1.865650276,84772,3680.937907,0.868214824,1,7.6923077,-0.503083483,0,0,0,0,0,0,0,0
GARI05,2022-07-27,2022-08-23,Garibaldi,2022,28,3.36729583,On trail,0,1,1520,0.437468669,0.86805,0.95790127,31.18,-1.086725259,34712,6873.663366,1.865650276,84772,3680.937907,0.868214824,3813,13617.85714,2.435564468,0,0,1,0,0,1,0,0
GARI06,2022-07-27,2022-08-23,Garibaldi,2022,23,3.17805383,Off trail,421.3716096,0.43052787,1658,0.872843069,0.8295,0.808757774,81.62,0.496076876,34712,6873.663366,1.865650276,84772,3680.937907,0.868214824,1,4.3478261,-0.503805609,0,0,1,0,0,0,0,0
GARI07,2022-07-27,2022-08-23,Garibaldi,2022,28,3.36729583,On trail,0,1,1681,0.945405469,0.78175,0.624021018,38.37,-0.861103781,34712,6873.663366,1.865650276,84772,3680.937907,0.868214824,3800,13571.42857,2.425539812,0,0,1,0,0,0,0,0
GARI08,2022-07-27,2022-08-23,Garibaldi,2022,23,3.17805383,Off trail,310.5880771,0.537312104,1786,1.276668599,0.6384,0.069423868,0,-2.065150528,34712,6873.663366,1.865650276,84772,3680.937907,0.868214824,2,8.6956522,-0.502866845,0,0,0,0,0,0,0,0
GARI09,2022-07-27,2022-08-23,Garibaldi,2022,28,3.36729583,Off trail,450.0068852,0.406564061,1478,0.304963417,0.7832,0.629630825,84.6,0.589588976,34712,6873.663366,1.865650276,84772,3680.937907,0.868214824,3,10.7142857,-0.502430991,0,1,0,0,0,0,0,0
GARI10,2022-07-27,2022-08-23,Garibaldi,2022,14,2.708050201,On trail,0,1,1459,0.245020565,0.86495,0.945907889,68.21,0.075272422,34712,6873.663366,1.865650276,84772,3680.937907,0.868214824,1438,10271.42857,1.713018078,1,0,0,0,0,0,0,0
GARI11,2022-07-27,2022-08-23,Garibaldi,2022,28,3.36729583,On trail,0,1,1350,-0.098862113,0.8563,0.912442487,91.49,0.805796485,34712,6873.663366,1.865650276,84772,3680.937907,0.868214824,4680,16714.28571,3.104131938,1,1,0,0,0,3,0,0
GARI12,2022-07-27,2022-08-23,Garibaldi,2022,28,3.36729583,On trail,0,1,1070,-0.98223046,0.91845,1.152890432,93.54,0.870125279,34712,6873.663366,1.865650276,84772,3680.937907,0.868214824,4859,17353.57143,3.242163747,0,0,1,1,0,0,0,0
GARI13,2022-07-27,2022-08-23,Garibaldi,2022,23,3.17805383,Off trail,306.934926,0.541252245,1342,-0.124101208,0.87835,0.997750246,68.21,0.075272422,34712,6873.663366,1.865650276,84772,3680.937907,0.868214824,1,4.3478261,-0.503805609,0,0,0,0,0,0,0,0
GARI14,2022-07-27,2022-08-23,Garibaldi,2022,23,3.17805383,Off trail,197.5455352,0.67361869,909,-1.490167259,0.59675,-0.091713009,90.53,0.775671781,34712,6873.663366,1.865650276,84772,3680.937907,0.868214824,1,4.3478261,-0.503805609,0,0,0,0,0,0,0,0
GARI16,2022-07-27,2022-08-23,Garibaldi,2022,28,3.36729583,On trail,0,1,709,-2.121144649,0.90045,1.083251446,89.99,0.758726635,34712,6873.663366,1.865650276,84772,3680.937907,0.868214824,5198,18564.28571,3.50357594,0,0,0,0,0,2,0,0
GARI17,2022-07-27,2022-08-23,Garibaldi,2022,28,3.36729583,On trail,0,1,796,-1.846669485,0.8885,1.037018896,73.94,0.255079247,34712,6873.663366,1.865650276,84772,3680.937907,0.868214824,5086,18164.28571,3.41720967,0,1,0,0,0,1,0,0
GARI18,2022-07-27,2022-08-23,Garibaldi,2022,28,3.36729583,On trail,0,1,890,-1.550110111,0.84315,0.861567339,87.28,0.673687107,34712,6873.663366,1.865650276,84772,3680.937907,0.868214824,5042,18007.14286,3.383280065,0,0,0,0,0,0,0,0
GARI22,2022-07-27,2022-08-23,Garibaldi,2022,23,3.17805383,Off trail,616.9545369,0.291152215,507,-2.758431814,0.85025,0.88903605,70.18,0.137090825,34712,6873.663366,1.865650276,84772,3680.937907,0.868214824,1,4.3478261,-0.503805609,0,0,0,0,0,0,0,0
JOFF02,2022-07-27,2022-08-23,Joffre Lakes,2022,28,3.36729583,On trail,0,1,2013,1.992827937,0.1223,-1.927280627,0,-2.065150528,22467,4770.063694,0.930452572,63057,3171.881288,0.493634572,17,60.7142857,-0.491635207,0,0,0,0,0,0,5,0
JOFF03,2022-07-27,2022-08-23,Joffre Lakes,2022,28,3.36729583,On trail,0,1,1229,-0.480603434,0.70915,0.343143773,88.25,0.70412561,22467,4770.063694,0.930452572,63057,3171.881288,0.493634572,6434,22978.57143,4.456689429,5,0,0,0,0,0,0,0
JOFF04,2022-07-27,2022-08-23,Joffre Lakes,2022,28,3.36729583,On trail,0,1,1603,0.699324286,0.61375,-0.025942855,77.57,0.368988282,22467,4770.063694,0.930452572,63057,3171.881288,0.493634572,59,210.7142857,-0.459247855,0,0,0,0,0,0,1,0
JOFF05,2022-07-27,2022-08-23,Joffre Lakes,2022,17,2.890371758,Off trail,231.8578592,0.628942326,1597,0.680394964,0.80065,0.697141954,87.28,0.673687107,22467,4770.063694,0.930452572,63057,3171.881288,0.493634572,1,5.8823529,-0.503474281,0,0,1,1,0,0,0,0
JOFF06,2022-07-27,2022-08-23,Joffre Lakes,2022,28,3.36729583,On trail,0,1,1567,0.585748356,0.87425,0.981888032,17.9,-1.503450326,22467,4770.063694,0.930452572,63057,3171.881288,0.493634572,1567,5596.428571,0.70361229,0,0,1,0,0,0,0,0
JOFF08,2022-07-27,2022-08-23,Joffre Lakes,2022,17,2.890371758,Off trail,314.3639562,0.533269736,1489,0.339667174,0.73435,0.440638354,97.37,0.990310294,22467,4770.063694,0.930452572,63057,3171.881288,0.493634572,1,5.8823529,-0.503474281,0,0,0,0,0,0,0,0
JOFF09,2022-07-27,2022-08-23,Joffre Lakes,2022,28,3.36729583,On trail,0,1,1408,0.08412133,0.7909,0.659420836,73.14,0.229975327,22467,4770.063694,0.930452572,63057,3171.881288,0.493634572,3338,11921.42857,2.069278945,0,0,0,0,0,0,0,0
JOFF12,2022-07-27,2022-08-23,Joffre Lakes,2022,17,2.890371758,Off trail,260.5910944,0.593818128,1655,0.863378408,0.78355,0.630984917,84.93,0.599944343,22467,4770.063694,0.930452572,63057,3171.881288,0.493634572,1,5.8823529,-0.503474281,3,0,0,0,0,0,0,0
JOFF13,2022-07-27,2022-08-23,Joffre Lakes,2022,28,3.36729583,Off trail,649.5559073,0.272773959,1775,1.241964842,0.3448,-1.066465378,0,-2.065150528,22467,4770.063694,0.930452572,63057,3171.881288,0.493634572,1,3.5714286,-0.503973246,0,0,0,0,0,0,1,0
JOFF14,2022-07-27,2022-08-23,Joffre Lakes,2022,28,3.36729583,On trail,0,1,1789,1.286133259,0.4387,-0.703181999,0,-2.065150528,22467,4770.063694,0.930452572,63057,3171.881288,0.493634572,17,60.7142857,-0.491635207,0,0,0,2,0,0,0,0
JOFF15,2022-07-27,2022-08-23,Joffre Lakes,2022,28,3.36729583,On trail,0,1,1318,-0.199818495,0.8738,0.980147057,97.75,1.002234656,22467,4770.063694,0.930452572,63057,3171.881288,0.493634572,5724,20442.85714,3.909188962,1,0,0,0,0,1,0,0
JOFF17,2022-07-27,2022-08-23,Joffre Lakes,2022,28,3.36729583,On trail,0,1,1220,-0.508997417,0.8193,0.769295682,91.49,0.805796485,22467,4770.063694,0.930452572,63057,3171.881288,0.493634572,5307,18953.57143,3.58762883,3,0,0,0,0,0,0,0